test-accuracy,test-loss,train-accuracy,train-loss,wm-accuracy,wm-loss
0.9684000015258789,0.6909475486755371,0.9906833171844482,0.6040258803208669,1.0,9.536738616588991e-07
