test-accuracy,test-loss,train-accuracy,train-loss,wm-accuracy,wm-loss
0.051100000739097595,13.981545013427734,0.04548333212733269,13.990063891601563,0.019999999552965164,2.3025851249694824
