Number of watermarks,Average change,Minimal change,Maximal change,Average accuracy,Minimal accuracy,Maximal accuracy
1,27.95489501953125,21.5576171875,35.906982421875,0.941453999876976,0.5611000061035156,0.968500018119812
